,mean,std,min,max,count
P_Pa,-0.0018379804404861132,0.005634404538613901,-0.1645161360502243,0.12180668860673904,12683575296
UX_ms-1,0.847528006106367,0.3326928205217826,-0.11736029386520386,1.37242591381073,12683575296
UY_ms-1,-2.070537874521182e-14,0.042871674104064936,-0.41160309314727783,0.41542622447013855,12683575296
UZ_ms-1,-0.0004357414801335662,0.05491193065821476,-0.48143893480300903,0.45852130651474,12683575296
